{"cameraMode":{"drawMode":0,"name":"Shaded","section":"Shading Mode"},"sceneLighting":true,"audioPlay":false,"sceneViewState":{"m_AlwaysRefresh":false,"showFog":true,"showSkybox":true,"showFlares":true,"showImageEffects":true,"showParticleSystems":true,"showVisualEffectGraphs":true,"m_FxEnabled":true},"in2DMode":false,"pivot":{"x":102.8157958984375,"y":77.9172134399414,"z":106.57176971435547},"rotation":{"x":-0.014314692467451096,"y":0.9760581851005554,"z":-0.06775889545679093,"w":-0.20620249211788178},"size":16.757478713989259,"orthographic":false}